Workbook

Sheet 📝 กรอกคะแนน
A1: 📋 แบบบันทึกคะแนนสมรรถนะ PBL | โรงเรียนวรนาถวิทยากำแพงเพชร
A2: ชื่อโปรเจกต์ | D2: ชั้น/ห้อง | G2: ครูผู้รับผิดชอบ | K2: เดือน
A4: เลขที่ | B4: รหัสนักเรียน | C4: ชื่อ-สกุล | D4: 1.การสื่อสาร (1-3) | E4: 2.การคิด (1-3) | F4: 3.การแก้ปัญหา (1-3) | G4: 4.ทักษะชีวิต (1-3) | H4: 5.เทคโนโลยี (1-3) | I4: รวม | J4: สรุปผล | K4: หมายเหตุ / แผนพัฒนา
A5: 1 | I5: =IF(COUNTA(D5:H5)=5,SUM(D5:H5),"") | J5: =IF(COUNTA(D5:H5)<5,"",IF(AND(COUNTIF(D5:H5,1)=0,COUNTIF(D5:H5,3)>=3),"✅ ดีเยี่ยม",IF(COUNTIF(D5:H5,1)>0,"❌ ไม่ผ่าน","⬜ ผ่าน")))
A6: 2 | I6: =IF(COUNTA(D6:H6)=5,SUM(D6:H6),"") | J6: =IF(COUNTA(D6:H6)<5,"",IF(AND(COUNTIF(D6:H6,1)=0,COUNTIF(D6:H6,3)>=3),"✅ ดีเยี่ยม",IF(COUNTIF(D6:H6,1)>0,"❌ ไม่ผ่าน","⬜ ผ่าน")))
A7: 3 | I7: =IF(COUNTA(D7:H7)=5,SUM(D7:H7),"") | J7: =IF(COUNTA(D7:H7)<5,"",IF(AND(COUNTIF(D7:H7,1)=0,COUNTIF(D7:H7,3)>=3),"✅ ดีเยี่ยม",IF(COUNTIF(D7:H7,1)>0,"❌ ไม่ผ่าน","⬜ ผ่าน")))
A8: 4 | I8: =IF(COUNTA(D8:H8)=5,SUM(D8:H8),"") | J8: =IF(COUNTA(D8:H8)<5,"",IF(AND(COUNTIF(D8:H8,1)=0,COUNTIF(D8:H8,3)>=3),"✅ ดีเยี่ยม",IF(COUNTIF(D8:H8,1)>0,"❌ ไม่ผ่าน","⬜ ผ่าน")))
A9: 5 | I9: =IF(COUNTA(D9:H9)=5,SUM(D9:H9),"") | J9: =IF(COUNTA(D9:H9)<5,"",IF(AND(COUNTIF(D9:H9,1)=0,COUNTIF(D9:H9,3)>=3),"✅ ดีเยี่ยม",IF(COUNTIF(D9:H9,1)>0,"❌ ไม่ผ่าน","⬜ ผ่าน")))
A10: 6 | I10: =IF(COUNTA(D10:H10)=5,SUM(D10:H10),"") | J10: =IF(COUNTA(D10:H10)<5,"",IF(AND(COUNTIF(D10:H10,1)=0,COUNTIF(D10:H10,3)>=3),"✅ ดีเยี่ยม",IF(COUNTIF(D10:H10,1)>0,"❌ ไม่ผ่าน","⬜ ผ่าน")))
A11: 7 | I11: =IF(COUNTA(D11:H11)=5,SUM(D11:H11),"") | J11: =IF(COUNTA(D11:H11)<5,"",IF(AND(COUNTIF(D11:H11,1)=0,COUNTIF(D11:H11,3)>=3),"✅ ดีเยี่ยม",IF(COUNTIF(D11:H11,1)>0,"❌ ไม่ผ่าน","⬜ ผ่าน")))
A12: 8 | I12: =IF(COUNTA(D12:H12)=5,SUM(D12:H12),"") | J12: =IF(COUNTA(D12:H12)<5,"",IF(AND(COUNTIF(D12:H12,1)=0,COUNTIF(D12:H12,3)>=3),"✅ ดีเยี่ยม",IF(COUNTIF(D12:H12,1)>0,"❌ ไม่ผ่าน","⬜ ผ่าน")))
A13: 9 | I13: =IF(COUNTA(D13:H13)=5,SUM(D13:H13),"") | J13: =IF(COUNTA(D13:H13)<5,"",IF(AND(COUNTIF(D13:H13,1)=0,COUNTIF(D13:H13,3)>=3),"✅ ดีเยี่ยม",IF(COUNTIF(D13:H13,1)>0,"❌ ไม่ผ่าน","⬜ ผ่าน")))
A14: 10 | I14: =IF(COUNTA(D14:H14)=5,SUM(D14:H14),"") | J14: =IF(COUNTA(D14:H14)<5,"",IF(AND(COUNTIF(D14:H14,1)=0,COUNTIF(D14:H14,3)>=3),"✅ ดีเยี่ยม",IF(COUNTIF(D14:H14,1)>0,"❌ ไม่ผ่าน","⬜ ผ่าน")))
A15: 11 | I15: =IF(COUNTA(D15:H15)=5,SUM(D15:H15),"") | J15: =IF(COUNTA(D15:H15)<5,"",IF(AND(COUNTIF(D15:H15,1)=0,COUNTIF(D15:H15,3)>=3),"✅ ดีเยี่ยม",IF(COUNTIF(D15:H15,1)>0,"❌ ไม่ผ่าน","⬜ ผ่าน")))
A16: 12 | I16: =IF(COUNTA(D16:H16)=5,SUM(D16:H16),"") | J16: =IF(COUNTA(D16:H16)<5,"",IF(AND(COUNTIF(D16:H16,1)=0,COUNTIF(D16:H16,3)>=3),"✅ ดีเยี่ยม",IF(COUNTIF(D16:H16,1)>0,"❌ ไม่ผ่าน","⬜ ผ่าน")))
... A34: 30 | I34: =IF(COUNTA(D34:H34)=5,SUM(D34:H34),"") | J34: =IF(COUNTA(D34:H34)<5,"",IF(AND(COUNTIF(D34:H34,1)=0,COUNTIF(D34:H34,3)>=3),"✅ ดีเยี่ยม",IF(COUNTIF(D34:H34,1)>0,"❌ ไม่ผ่าน","⬜ ผ่าน")))
A36: สรุปผลห้องเรียน | D36: จำนวนนักเรียน | E36: =COUNTA(B5:B34) | F36: ดีเยี่ยม (คน) | G36: =COUNTIF(J5:J34,"✅ ดีเยี่ยม") | H36: ผ่าน (คน) | I36: =COUNTIF(J5:J34,"⬜ ผ่าน") | J36: ไม่ผ่าน (คน) | K36: =COUNTIF(J5:J34,"❌ ไม่ผ่าน")
A37: คิดเป็นร้อยละ | G37: =IF(E36>0,G36/E36,0) | I37: =IF(E36>0,I36/E36,0) | K37: =IF(E36>0,K36/E36,0)

Sheet 📤 ATLAS Import
A1: 📤 ATLAS Import — สร้างอัตโนมัติจากแท็บ 'กรอกคะแนน' | ห้ามแก้ไขโดยตรง | Upload ได้เลย
A2: student_id | B2: student_name | C2: grade_level | D2: classroom | E2: teacher_name | F2: project_name | G2: academic_term | H2: month | I2: com_score | J2: think_score | K2: problem_score | L2: life_score | M2: tech_score | N2: total_score | O2: overall_result | P2: notes
A3: ='📝 กรอกคะแนน'!B5 | B3: ='📝 กรอกคะแนน'!C5 | C3: =IF(ISERROR(FIND("/",'📝 กรอกคะแนน'!F2)),'📝 กรอกคะแนน'!F2,LEFT('📝 กรอกคะแนน'!F2,FIND("/",'📝 กรอกคะแนน'!F2)-1)) | D3: =IF(ISERROR(FIND("/",'📝 กรอกคะแนน'!F2)),"",MID('📝 กรอกคะแนน'!F2,FIND("/",'📝 กรอกคะแนน'!F2)+1,10)) | E3: ='📝 กรอกคะแนน'!I2 | F3: ='📝 กรอกคะแนน'!C2 | G3: ='📝 กรอกคะแนน'!J2&"-"&'📝 กรอกคะแนน'!L2 | H3: ='📝 กรอกคะแนน'!K2 | I3: ='📝 กรอกคะแนน'!D5 | J3: ='📝 กรอกคะแนน'!E5 | K3: ='📝 กรอกคะแนน'!F5 | L3: ='📝 กรอกคะแนน'!G5 | M3: ='📝 กรอกคะแนน'!H5 | N3: ='📝 กรอกคะแนน'!I5 | O3: =IF('📝 กรอกคะแนน'!J5="✅ ดีเยี่ยม","excellent",IF('📝 กรอกคะแนน'!J5="⬜ ผ่าน","pass",IF('📝 กรอกคะแนน'!J5="❌ ไม่ผ่าน","fail",""))) | P3: ='📝 กรอกคะแนน'!K5
A4: ='📝 กรอกคะแนน'!B6 | B4: ='📝 กรอกคะแนน'!C6 | C4: =IF(ISERROR(FIND("/",'📝 กรอกคะแนน'!F2)),'📝 กรอกคะแนน'!F2,LEFT('📝 กรอกคะแนน'!F2,FIND("/",'📝 กรอกคะแนน'!F2)-1)) | D4: =IF(ISERROR(FIND("/",'📝 กรอกคะแนน'!F2)),"",MID('📝 กรอกคะแนน'!F2,FIND("/",'📝 กรอกคะแนน'!F2)+1,10)) | E4: ='📝 กรอกคะแนน'!I2 | F4: ='📝 กรอกคะแนน'!C2 | G4: ='📝 กรอกคะแนน'!J2&"-"&'📝 กรอกคะแนน'!L2 | H4: ='📝 กรอกคะแนน'!K2 | I4: ='📝 กรอกคะแนน'!D6 | J4: ='📝 กรอกคะแนน'!E6 | K4: ='📝 กรอกคะแนน'!F6 | L4: ='📝 กรอกคะแนน'!G6 | M4: ='📝 กรอกคะแนน'!H6 | N4: ='📝 กรอกคะแนน'!I6 | O4: =IF('📝 กรอกคะแนน'!J6="✅ ดีเยี่ยม","excellent",IF('📝 กรอกคะแนน'!J6="⬜ ผ่าน","pass",IF('📝 กรอกคะแนน'!J6="❌ ไม่ผ่าน","fail",""))) | P4: ='📝 กรอกคะแนน'!K6
A5: ='📝 กรอกคะแนน'!B7 | B5: ='📝 กรอกคะแนน'!C7 | C5: =IF(ISERROR(FIND("/",'📝 กรอกคะแนน'!F2)),'📝 กรอกคะแนน'!F2,LEFT('📝 กรอกคะแนน'!F2,FIND("/",'📝 กรอกคะแนน'!F2)-1)) | D5: =IF(ISERROR(FIND("/",'📝 กรอกคะแนน'!F2)),"",MID('📝 กรอกคะแนน'!F2,FIND("/",'📝 กรอกคะแนน'!F2)+1,10)) | E5: ='📝 กรอกคะแนน'!I2 | F5: ='📝 กรอกคะแนน'!C2 | G5: ='📝 กรอกคะแนน'!J2&"-"&'📝 กรอกคะแนน'!L2 | H5: ='📝 กรอกคะแนน'!K2 | I5: ='📝 กรอกคะแนน'!D7 | J5: ='📝 กรอกคะแนน'!E7 | K5: ='📝 กรอกคะแนน'!F7 | L5: ='📝 กรอกคะแนน'!G7 | M5: ='📝 กรอกคะแนน'!H7 | N5: ='📝 กรอกคะแนน'!I7 | O5: =IF('📝 กรอกคะแนน'!J7="✅ ดีเยี่ยม","excellent",IF('📝 กรอกคะแนน'!J7="⬜ ผ่าน","pass",IF('📝 กรอกคะแนน'!J7="❌ ไม่ผ่าน","fail",""))) | P5: ='📝 กรอกคะแนน'!K7
A6: ='📝 กรอกคะแนน'!B8 | B6: ='📝 กรอกคะแนน'!C8 | C6: =IF(ISERROR(FIND("/",'📝 กรอกคะแนน'!F2)),'📝 กรอกคะแนน'!F2,LEFT('📝 กรอกคะแนน'!F2,FIND("/",'📝 กรอกคะแนน'!F2)-1)) | D6: =IF(ISERROR(FIND("/",'📝 กรอกคะแนน'!F2)),"",MID('📝 กรอกคะแนน'!F2,FIND("/",'📝 กรอกคะแนน'!F2)+1,10)) | E6: ='📝 กรอกคะแนน'!I2 | F6: ='📝 กรอกคะแนน'!C2 | G6: ='📝 กรอกคะแนน'!J2&"-"&'📝 กรอกคะแนน'!L2 | H6: ='📝 กรอกคะแนน'!K2 | I6: ='📝 กรอกคะแนน'!D8 | J6: ='📝 กรอกคะแนน'!E8 | K6: ='📝 กรอกคะแนน'!F8 | L6: ='📝 กรอกคะแนน'!G8 | M6: ='📝 กรอกคะแนน'!H8 | N6: ='📝 กรอกคะแนน'!I8 | O6: =IF('📝 กรอกคะแนน'!J8="✅ ดีเยี่ยม","excellent",IF('📝 กรอกคะแนน'!J8="⬜ ผ่าน","pass",IF('📝 กรอกคะแนน'!J8="❌ ไม่ผ่าน","fail",""))) | P6: ='📝 กรอกคะแนน'!K8
A7: ='📝 กรอกคะแนน'!B9 | B7: ='📝 กรอกคะแนน'!C9 | C7: =IF(ISERROR(FIND("/",'📝 กรอกคะแนน'!F2)),'📝 กรอกคะแนน'!F2,LEFT('📝 กรอกคะแนน'!F2,FIND("/",'📝 กรอกคะแนน'!F2)-1)) | D7: =IF(ISERROR(FIND("/",'📝 กรอกคะแนน'!F2)),"",MID('📝 กรอกคะแนน'!F2,FIND("/",'📝 กรอกคะแนน'!F2)+1,10)) | E7: ='📝 กรอกคะแนน'!I2 | F7: ='📝 กรอกคะแนน'!C2 | G7: ='📝 กรอกคะแนน'!J2&"-"&'📝 กรอกคะแนน'!L2 | H7: ='📝 กรอกคะแนน'!K2 | I7: ='📝 กรอกคะแนน'!D9 | J7: ='📝 กรอกคะแนน'!E9 | K7: ='📝 กรอกคะแนน'!F9 | L7: ='📝 กรอกคะแนน'!G9 | M7: ='📝 กรอกคะแนน'!H9 | N7: ='📝 กรอกคะแนน'!I9 | O7: =IF('📝 กรอกคะแนน'!J9="✅ ดีเยี่ยม","excellent",IF('📝 กรอกคะแนน'!J9="⬜ ผ่าน","pass",IF('📝 กรอกคะแนน'!J9="❌ ไม่ผ่าน","fail",""))) | P7: ='📝 กรอกคะแนน'!K9
A8: ='📝 กรอกคะแนน'!B10 | B8: ='📝 กรอกคะแนน'!C10 | C8: =IF(ISERROR(FIND("/",'📝 กรอกคะแนน'!F2)),'📝 กรอกคะแนน'!F2,LEFT('📝 กรอกคะแนน'!F2,FIND("/",'📝 กรอกคะแนน'!F2)-1)) | D8: =IF(ISERROR(FIND("/",'📝 กรอกคะแนน'!F2)),"",MID('📝 กรอกคะแนน'!F2,FIND("/",'📝 กรอกคะแนน'!F2)+1,10)) | E8: ='📝 กรอกคะแนน'!I2 | F8: ='📝 กรอกคะแนน'!C2 | G8: ='📝 กรอกคะแนน'!J2&"-"&'📝 กรอกคะแนน'!L2 | H8: ='📝 กรอกคะแนน'!K2 | I8: ='📝 กรอกคะแนน'!D10 | J8: ='📝 กรอกคะแนน'!E10 | K8: ='📝 กรอกคะแนน'!F10 | L8: ='📝 กรอกคะแนน'!G10 | M8: ='📝 กรอกคะแนน'!H10 | N8: ='📝 กรอกคะแนน'!I10 | O8: =IF('📝 กรอกคะแนน'!J10="✅ ดีเยี่ยม","excellent",IF('📝 กรอกคะแนน'!J10="⬜ ผ่าน","pass",IF('📝 กรอกคะแนน'!J10="❌ ไม่ผ่าน","fail",""))) | P8: ='📝 กรอกคะแนน'!K10
A9: ='📝 กรอกคะแนน'!B11 | B9: ='📝 กรอกคะแนน'!C11 | C9: =IF(ISERROR(FIND("/",'📝 กรอกคะแนน'!F2)),'📝 กรอกคะแนน'!F2,LEFT('📝 กรอกคะแนน'!F2,FIND("/",'📝 กรอกคะแนน'!F2)-1)) | D9: =IF(ISERROR(FIND("/",'📝 กรอกคะแนน'!F2)),"",MID('📝 กรอกคะแนน'!F2,FIND("/",'📝 กรอกคะแนน'!F2)+1,10)) | E9: ='📝 กรอกคะแนน'!I2 | F9: ='📝 กรอกคะแนน'!C2 | G9: ='📝 กรอกคะแนน'!J2&"-"&'📝 กรอกคะแนน'!L2 | H9: ='📝 กรอกคะแนน'!K2 | I9: ='📝 กรอกคะแนน'!D11 | J9: ='📝 กรอกคะแนน'!E11 | K9: ='📝 กรอกคะแนน'!F11 | L9: ='📝 กรอกคะแนน'!G11 | M9: ='📝 กรอกคะแนน'!H11 | N9: ='📝 กรอกคะแนน'!I11 | O9: =IF('📝 กรอกคะแนน'!J11="✅ ดีเยี่ยม","excellent",IF('📝 กรอกคะแนน'!J11="⬜ ผ่าน","pass",IF('📝 กรอกคะแนน'!J11="❌ ไม่ผ่าน","fail",""))) | P9: ='📝 กรอกคะแนน'!K11
A10: ='📝 กรอกคะแนน'!B12 | B10: ='📝 กรอกคะแนน'!C12 | C10: =IF(ISERROR(FIND("/",'📝 กรอกคะแนน'!F2)),'📝 กรอกคะแนน'!F2,LEFT('📝 กรอกคะแนน'!F2,FIND("/",'📝 กรอกคะแนน'!F2)-1)) | D10: =IF(ISERROR(FIND("/",'📝 กรอกคะแนน'!F2)),"",MID('📝 กรอกคะแนน'!F2,FIND("/",'📝 กรอกคะแนน'!F2)+1,10)) | E10: ='📝 กรอกคะแนน'!I2 | F10: ='📝 กรอกคะแนน'!C2 | G10: ='📝 กรอกคะแนน'!J2&"-"&'📝 กรอกคะแนน'!L2 | H10: ='📝 กรอกคะแนน'!K2 | I10: ='📝 กรอกคะแนน'!D12 | J10: ='📝 กรอกคะแนน'!E12 | K10: ='📝 กรอกคะแนน'!F12 | L10: ='📝 กรอกคะแนน'!G12 | M10: ='📝 กรอกคะแนน'!H12 | N10: ='📝 กรอกคะแนน'!I12 | O10: =IF('📝 กรอกคะแนน'!J12="✅ ดีเยี่ยม","excellent",IF('📝 กรอกคะแนน'!J12="⬜ ผ่าน","pass",IF('📝 กรอกคะแนน'!J12="❌ ไม่ผ่าน","fail",""))) | P10: ='📝 กรอกคะแนน'!K12
A11: ='📝 กรอกคะแนน'!B13 | B11: ='📝 กรอกคะแนน'!C13 | C11: =IF(ISERROR(FIND("/",'📝 กรอกคะแนน'!F2)),'📝 กรอกคะแนน'!F2,LEFT('📝 กรอกคะแนน'!F2,FIND("/",'📝 กรอกคะแนน'!F2)-1)) | D11: =IF(ISERROR(FIND("/",'📝 กรอกคะแนน'!F2)),"",MID('📝 กรอกคะแนน'!F2,FIND("/",'📝 กรอกคะแนน'!F2)+1,10)) | E11: ='📝 กรอกคะแนน'!I2 | F11: ='📝 กรอกคะแนน'!C2 | G11: ='📝 กรอกคะแนน'!J2&"-"&'📝 กรอกคะแนน'!L2 | H11: ='📝 กรอกคะแนน'!K2 | I11: ='📝 กรอกคะแนน'!D13 | J11: ='📝 กรอกคะแนน'!E13 | K11: ='📝 กรอกคะแนน'!F13 | L11: ='📝 กรอกคะแนน'!G13 | M11: ='📝 กรอกคะแนน'!H13 | N11: ='📝 กรอกคะแนน'!I13 | O11: =IF('📝 กรอกคะแนน'!J13="✅ ดีเยี่ยม","excellent",IF('📝 กรอกคะแนน'!J13="⬜ ผ่าน","pass",IF('📝 กรอกคะแนน'!J13="❌ ไม่ผ่าน","fail",""))) | P11: ='📝 กรอกคะแนน'!K13
A12: ='📝 กรอกคะแนน'!B14 | B12: ='📝 กรอกคะแนน'!C14 | C12: =IF(ISERROR(FIND("/",'📝 กรอกคะแนน'!F2)),'📝 กรอกคะแนน'!F2,LEFT('📝 กรอกคะแนน'!F2,FIND("/",'📝 กรอกคะแนน'!F2)-1)) | D12: =IF(ISERROR(FIND("/",'📝 กรอกคะแนน'!F2)),"",MID('📝 กรอกคะแนน'!F2,FIND("/",'📝 กรอกคะแนน'!F2)+1,10)) | E12: ='📝 กรอกคะแนน'!I2 | F12: ='📝 กรอกคะแนน'!C2 | G12: ='📝 กรอกคะแนน'!J2&"-"&'📝 กรอกคะแนน'!L2 | H12: ='📝 กรอกคะแนน'!K2 | I12: ='📝 กรอกคะแนน'!D14 | J12: ='📝 กรอกคะแนน'!E14 | K12: ='📝 กรอกคะแนน'!F14 | L12: ='📝 กรอกคะแนน'!G14 | M12: ='📝 กรอกคะแนน'!H14 | N12: ='📝 กรอกคะแนน'!I14 | O12: =IF('📝 กรอกคะแนน'!J14="✅ ดีเยี่ยม","excellent",IF('📝 กรอกคะแนน'!J14="⬜ ผ่าน","pass",IF('📝 กรอกคะแนน'!J14="❌ ไม่ผ่าน","fail",""))) | P12: ='📝 กรอกคะแนน'!K14
A13: ='📝 กรอกคะแนน'!B15 | B13: ='📝 กรอกคะแนน'!C15 | C13: =IF(ISERROR(FIND("/",'📝 กรอกคะแนน'!F2)),'📝 กรอกคะแนน'!F2,LEFT('📝 กรอกคะแนน'!F2,FIND("/",'📝 กรอกคะแนน'!F2)-1)) | D13: =IF(ISERROR(FIND("/",'📝 กรอกคะแนน'!F2)),"",MID('📝 กรอกคะแนน'!F2,FIND("/",'📝 กรอกคะแนน'!F2)+1,10)) | E13: ='📝 กรอกคะแนน'!I2 | F13: ='📝 กรอกคะแนน'!C2 | G13: ='📝 กรอกคะแนน'!J2&"-"&'📝 กรอกคะแนน'!L2 | H13: ='📝 กรอกคะแนน'!K2 | I13: ='📝 กรอกคะแนน'!D15 | J13: ='📝 กรอกคะแนน'!E15 | K13: ='📝 กรอกคะแนน'!F15 | L13: ='📝 กรอกคะแนน'!G15 | M13: ='📝 กรอกคะแนน'!H15 | N13: ='📝 กรอกคะแนน'!I15 | O13: =IF('📝 กรอกคะแนน'!J15="✅ ดีเยี่ยม","excellent",IF('📝 กรอกคะแนน'!J15="⬜ ผ่าน","pass",IF('📝 กรอกคะแนน'!J15="❌ ไม่ผ่าน","fail",""))) | P13: ='📝 กรอกคะแนน'!K15
A14: ='📝 กรอกคะแนน'!B16 | B14: ='📝 กรอกคะแนน'!C16 | C14: =IF(ISERROR(FIND("/",'📝 กรอกคะแนน'!F2)),'📝 กรอกคะแนน'!F2,LEFT('📝 กรอกคะแนน'!F2,FIND("/",'📝 กรอกคะแนน'!F2)-1)) | D14: =IF(ISERROR(FIND("/",'📝 กรอกคะแนน'!F2)),"",MID('📝 กรอกคะแนน'!F2,FIND("/",'📝 กรอกคะแนน'!F2)+1,10)) | E14: ='📝 กรอกคะแนน'!I2 | F14: ='📝 กรอกคะแนน'!C2 | G14: ='📝 กรอกคะแนน'!J2&"-"&'📝 กรอกคะแนน'!L2 | H14: ='📝 กรอกคะแนน'!K2 | I14: ='📝 กรอกคะแนน'!D16 | J14: ='📝 กรอกคะแนน'!E16 | K14: ='📝 กรอกคะแนน'!F16 | L14: ='📝 กรอกคะแนน'!G16 | M14: ='📝 กรอกคะแนน'!H16 | N14: ='📝 กรอกคะแนน'!I16 | O14: =IF('📝 กรอกคะแนน'!J16="✅ ดีเยี่ยม","excellent",IF('📝 กรอกคะแนน'!J16="⬜ ผ่าน","pass",IF('📝 กรอกคะแนน'!J16="❌ ไม่ผ่าน","fail",""))) | P14: ='📝 กรอกคะแนน'!K16
A15: ='📝 กรอกคะแนน'!B17 | B15: ='📝 กรอกคะแนน'!C17 | C15: =IF(ISERROR(FIND("/",'📝 กรอกคะแนน'!F2)),'📝 กรอกคะแนน'!F2,LEFT('📝 กรอกคะแนน'!F2,FIND("/",'📝 กรอกคะแนน'!F2)-1)) | D15: =IF(ISERROR(FIND("/",'📝 กรอกคะแนน'!F2)),"",MID('📝 กรอกคะแนน'!F2,FIND("/",'📝 กรอกคะแนน'!F2)+1,10)) | E15: ='📝 กรอกคะแนน'!I2 | F15: ='📝 กรอกคะแนน'!C2 | G15: ='📝 กรอกคะแนน'!J2&"-"&'📝 กรอกคะแนน'!L2 | H15: ='📝 กรอกคะแนน'!K2 | I15: ='📝 กรอกคะแนน'!D17 | J15: ='📝 กรอกคะแนน'!E17 | K15: ='📝 กรอกคะแนน'!F17 | L15: ='📝 กรอกคะแนน'!G17 | M15: ='📝 กรอกคะแนน'!H17 | N15: ='📝 กรอกคะแนน'!I17 | O15: =IF('📝 กรอกคะแนน'!J17="✅ ดีเยี่ยม","excellent",IF('📝 กรอกคะแนน'!J17="⬜ ผ่าน","pass",IF('📝 กรอกคะแนน'!J17="❌ ไม่ผ่าน","fail",""))) | P15: ='📝 กรอกคะแนน'!K17
A16: ='📝 กรอกคะแนน'!B18 | B16: ='📝 กรอกคะแนน'!C18 | C16: =IF(ISERROR(FIND("/",'📝 กรอกคะแนน'!F2)),'📝 กรอกคะแนน'!F2,LEFT('📝 กรอกคะแนน'!F2,FIND("/",'📝 กรอกคะแนน'!F2)-1)) | D16: =IF(ISERROR(FIND("/",'📝 กรอกคะแนน'!F2)),"",MID('📝 กรอกคะแนน'!F2,FIND("/",'📝 กรอกคะแนน'!F2)+1,10)) | E16: ='📝 กรอกคะแนน'!I2 | F16: ='📝 กรอกคะแนน'!C2 | G16: ='📝 กรอกคะแนน'!J2&"-"&'📝 กรอกคะแนน'!L2 | H16: ='📝 กรอกคะแนน'!K2 | I16: ='📝 กรอกคะแนน'!D18 | J16: ='📝 กรอกคะแนน'!E18 | K16: ='📝 กรอกคะแนน'!F18 | L16: ='📝 กรอกคะแนน'!G18 | M16: ='📝 กรอกคะแนน'!H18 | N16: ='📝 กรอกคะแนน'!I18 | O16: =IF('📝 กรอกคะแนน'!J18="✅ ดีเยี่ยม","excellent",IF('📝 กรอกคะแนน'!J18="⬜ ผ่าน","pass",IF('📝 กรอกคะแนน'!J18="❌ ไม่ผ่าน","fail",""))) | P16: ='📝 กรอกคะแนน'!K18
A17: ='📝 กรอกคะแนน'!B19 | B17: ='📝 กรอกคะแนน'!C19 | C17: =IF(ISERROR(FIND("/",'📝 กรอกคะแนน'!F2)),'📝 กรอกคะแนน'!F2,LEFT('📝 กรอกคะแนน'!F2,FIND("/",'📝 กรอกคะแนน'!F2)-1)) | D17: =IF(ISERROR(FIND("/",'📝 กรอกคะแนน'!F2)),"",MID('📝 กรอกคะแนน'!F2,FIND("/",'📝 กรอกคะแนน'!F2)+1,10)) | E17: ='📝 กรอกคะแนน'!I2 | F17: ='📝 กรอกคะแนน'!C2 | G17: ='📝 กรอกคะแนน'!J2&"-"&'📝 กรอกคะแนน'!L2 | H17: ='📝 กรอกคะแนน'!K2 | I17: ='📝 กรอกคะแนน'!D19 | J17: ='📝 กรอกคะแนน'!E19 | K17: ='📝 กรอกคะแนน'!F19 | L17: ='📝 กรอกคะแนน'!G19 | M17: ='📝 กรอกคะแนน'!H19 | N17: ='📝 กรอกคะแนน'!I19 | O17: =IF('📝 กรอกคะแนน'!J19="✅ ดีเยี่ยม","excellent",IF('📝 กรอกคะแนน'!J19="⬜ ผ่าน","pass",IF('📝 กรอกคะแนน'!J19="❌ ไม่ผ่าน","fail",""))) | P17: ='📝 กรอกคะแนน'!K19
A18: ='📝 กรอกคะแนน'!B20 | B18: ='📝 กรอกคะแนน'!C20 | C18: =IF(ISERROR(FIND("/",'📝 กรอกคะแนน'!F2)),'📝 กรอกคะแนน'!F2,LEFT('📝 กรอกคะแนน'!F2,FIND("/",'📝 กรอกคะแนน'!F2)-1)) | D18: =IF(ISERROR(FIND("/",'📝 กรอกคะแนน'!F2)),"",MID('📝 กรอกคะแนน'!F2,FIND("/",'📝 กรอกคะแนน'!F2)+1,10)) | E18: ='📝 กรอกคะแนน'!I2 | F18: ='📝 กรอกคะแนน'!C2 | G18: ='📝 กรอกคะแนน'!J2&"-"&'📝 กรอกคะแนน'!L2 | H18: ='📝 กรอกคะแนน'!K2 | I18: ='📝 กรอกคะแนน'!D20 | J18: ='📝 กรอกคะแนน'!E20 | K18: ='📝 กรอกคะแนน'!F20 | L18: ='📝 กรอกคะแนน'!G20 | M18: ='📝 กรอกคะแนน'!H20 | N18: ='📝 กรอกคะแนน'!I20 | O18: =IF('📝 กรอกคะแนน'!J20="✅ ดีเยี่ยม","excellent",IF('📝 กรอกคะแนน'!J20="⬜ ผ่าน","pass",IF('📝 กรอกคะแนน'!J20="❌ ไม่ผ่าน","fail",""))) | P18: ='📝 กรอกคะแนน'!K20
A19: ='📝 กรอกคะแนน'!B21 | B19: ='📝 กรอกคะแนน'!C21 | C19: =IF(ISERROR(FIND("/",'📝 กรอกคะแนน'!F2)),'📝 กรอกคะแนน'!F2,LEFT('📝 กรอกคะแนน'!F2,FIND("/",'📝 กรอกคะแนน'!F2)-1)) | D19: =IF(ISERROR(FIND("/",'📝 กรอกคะแนน'!F2)),"",MID('📝 กรอกคะแนน'!F2,FIND("/",'📝 กรอกคะแนน'!F2)+1,10)) | E19: ='📝 กรอกคะแนน'!I2 | F19: ='📝 กรอกคะแนน'!C2 | G19: ='📝 กรอกคะแนน'!J2&"-"&'📝 กรอกคะแนน'!L2 | H19: ='📝 กรอกคะแนน'!K2 | I19: ='📝 กรอกคะแนน'!D21 | J19: ='📝 กรอกคะแนน'!E21 | K19: ='📝 กรอกคะแนน'!F21 | L19: ='📝 กรอกคะแนน'!G21 | M19: ='📝 กรอกคะแนน'!H21 | N19: ='📝 กรอกคะแนน'!I21 | O19: =IF('📝 กรอกคะแนน'!J21="✅ ดีเยี่ยม","excellent",IF('📝 กรอกคะแนน'!J21="⬜ ผ่าน","pass",IF('📝 กรอกคะแนน'!J21="❌ ไม่ผ่าน","fail",""))) | P19: ='📝 กรอกคะแนน'!K21
A20: ='📝 กรอกคะแนน'!B22 | B20: ='📝 กรอกคะแนน'!C22 | C20: =IF(ISERROR(FIND("/",'📝 กรอกคะแนน'!F2)),'📝 กรอกคะแนน'!F2,LEFT('📝 กรอกคะแนน'!F2,FIND("/",'📝 กรอกคะแนน'!F2)-1)) | D20: =IF(ISERROR(FIND("/",'📝 กรอกคะแนน'!F2)),"",MID('📝 กรอกคะแนน'!F2,FIND("/",'📝 กรอกคะแนน'!F2)+1,10)) | E20: ='📝 กรอกคะแนน'!I2 | F20: ='📝 กรอกคะแนน'!C2 | G20: ='📝 กรอกคะแนน'!J2&"-"&'📝 กรอกคะแนน'!L2 | H20: ='📝 กรอกคะแนน'!K2 | I20: ='📝 กรอกคะแนน'!D22 | J20: ='📝 กรอกคะแนน'!E22 | K20: ='📝 กรอกคะแนน'!F22 | L20: ='📝 กรอกคะแนน'!G22 | M20: ='📝 กรอกคะแนน'!H22 | N20: ='📝 กรอกคะแนน'!I22 | O20: =IF('📝 กรอกคะแนน'!J22="✅ ดีเยี่ยม","excellent",IF('📝 กรอกคะแนน'!J22="⬜ ผ่าน","pass",IF('📝 กรอกคะแนน'!J22="❌ ไม่ผ่าน","fail",""))) | P20: ='📝 กรอกคะแนน'!K22
A21: ='📝 กรอกคะแนน'!B23 | B21: ='📝 กรอกคะแนน'!C23 | C21: =IF(ISERROR(FIND("/",'📝 กรอกคะแนน'!F2)),'📝 กรอกคะแนน'!F2,LEFT('📝 กรอกคะแนน'!F2,FIND("/",'📝 กรอกคะแนน'!F2)-1)) | D21: =IF(ISERROR(FIND("/",'📝 กรอกคะแนน'!F2)),"",MID('📝 กรอกคะแนน'!F2,FIND("/",'📝 กรอกคะแนน'!F2)+1,10)) | E21: ='📝 กรอกคะแนน'!I2 | F21: ='📝 กรอกคะแนน'!C2 | G21: ='📝 กรอกคะแนน'!J2&"-"&'📝 กรอกคะแนน'!L2 | H21: ='📝 กรอกคะแนน'!K2 | I21: ='📝 กรอกคะแนน'!D23 | J21: ='📝 กรอกคะแนน'!E23 | K21: ='📝 กรอกคะแนน'!F23 | L21: ='📝 กรอกคะแนน'!G23 | M21: ='📝 กรอกคะแนน'!H23 | N21: ='📝 กรอกคะแนน'!I23 | O21: =IF('📝 กรอกคะแนน'!J23="✅ ดีเยี่ยม","excellent",IF('📝 กรอกคะแนน'!J23="⬜ ผ่าน","pass",IF('📝 กรอกคะแนน'!J23="❌ ไม่ผ่าน","fail",""))) | P21: ='📝 กรอกคะแนน'!K23
A22: ='📝 กรอกคะแนน'!B24 | B22: ='📝 กรอกคะแนน'!C24 | C22: =IF(ISERROR(FIND("/",'📝 กรอกคะแนน'!F2)),'📝 กรอกคะแนน'!F2,LEFT('📝 กรอกคะแนน'!F2,FIND("/",'📝 กรอกคะแนน'!F2)-1)) | D22: =IF(ISERROR(FIND("/",'📝 กรอกคะแนน'!F2)),"",MID('📝 กรอกคะแนน'!F2,FIND("/",'📝 กรอกคะแนน'!F2)+1,10)) | E22: ='📝 กรอกคะแนน'!I2 | F22: ='📝 กรอกคะแนน'!C2 | G22: ='📝 กรอกคะแนน'!J2&"-"&'📝 กรอกคะแนน'!L2 | H22: ='📝 กรอกคะแนน'!K2 | I22: ='📝 กรอกคะแนน'!D24 | J22: ='📝 กรอกคะแนน'!E24 | K22: ='📝 กรอกคะแนน'!F24 | L22: ='📝 กรอกคะแนน'!G24 | M22: ='📝 กรอกคะแนน'!H24 | N22: ='📝 กรอกคะแนน'!I24 | O22: =IF('📝 กรอกคะแนน'!J24="✅ ดีเยี่ยม","excellent",IF('📝 กรอกคะแนน'!J24="⬜ ผ่าน","pass",IF('📝 กรอกคะแนน'!J24="❌ ไม่ผ่าน","fail",""))) | P22: ='📝 กรอกคะแนน'!K24
A23: ='📝 กรอกคะแนน'!B25 | B23: ='📝 กรอกคะแนน'!C25 | C23: =IF(ISERROR(FIND("/",'📝 กรอกคะแนน'!F2)),'📝 กรอกคะแนน'!F2,LEFT('📝 กรอกคะแนน'!F2,FIND("/",'📝 กรอกคะแนน'!F2)-1)) | D23: =IF(ISERROR(FIND("/",'📝 กรอกคะแนน'!F2)),"",MID('📝 กรอกคะแนน'!F2,FIND("/",'📝 กรอกคะแนน'!F2)+1,10)) | E23: ='📝 กรอกคะแนน'!I2 | F23: ='📝 กรอกคะแนน'!C2 | G23: ='📝 กรอกคะแนน'!J2&"-"&'📝 กรอกคะแนน'!L2 | H23: ='📝 กรอกคะแนน'!K2 | I23: ='📝 กรอกคะแนน'!D25 | J23: ='📝 กรอกคะแนน'!E25 | K23: ='📝 กรอกคะแนน'!F25 | L23: ='📝 กรอกคะแนน'!G25 | M23: ='📝 กรอกคะแนน'!H25 | N23: ='📝 กรอกคะแนน'!I25 | O23: =IF('📝 กรอกคะแนน'!J25="✅ ดีเยี่ยม","excellent",IF('📝 กรอกคะแนน'!J25="⬜ ผ่าน","pass",IF('📝 กรอกคะแนน'!J25="❌ ไม่ผ่าน","fail",""))) | P23: ='📝 กรอกคะแนน'!K25
A24: ='📝 กรอกคะแนน'!B26 | B24: ='📝 กรอกคะแนน'!C26 | C24: =IF(ISERROR(FIND("/",'📝 กรอกคะแนน'!F2)),'📝 กรอกคะแนน'!F2,LEFT('📝 กรอกคะแนน'!F2,FIND("/",'📝 กรอกคะแนน'!F2)-1)) | D24: =IF(ISERROR(FIND("/",'📝 กรอกคะแนน'!F2)),"",MID('📝 กรอกคะแนน'!F2,FIND("/",'📝 กรอกคะแนน'!F2)+1,10)) | E24: ='📝 กรอกคะแนน'!I2 | F24: ='📝 กรอกคะแนน'!C2 | G24: ='📝 กรอกคะแนน'!J2&"-"&'📝 กรอกคะแนน'!L2 | H24: ='📝 กรอกคะแนน'!K2 | I24: ='📝 กรอกคะแนน'!D26 | J24: ='📝 กรอกคะแนน'!E26 | K24: ='📝 กรอกคะแนน'!F26 | L24: ='📝 กรอกคะแนน'!G26 | M24: ='📝 กรอกคะแนน'!H26 | N24: ='📝 กรอกคะแนน'!I26 | O24: =IF('📝 กรอกคะแนน'!J26="✅ ดีเยี่ยม","excellent",IF('📝 กรอกคะแนน'!J26="⬜ ผ่าน","pass",IF('📝 กรอกคะแนน'!J26="❌ ไม่ผ่าน","fail",""))) | P24: ='📝 กรอกคะแนน'!K26
A25: ='📝 กรอกคะแนน'!B27 | B25: ='📝 กรอกคะแนน'!C27 | C25: =IF(ISERROR(FIND("/",'📝 กรอกคะแนน'!F2)),'📝 กรอกคะแนน'!F2,LEFT('📝 กรอกคะแนน'!F2,FIND("/",'📝 กรอกคะแนน'!F2)-1)) | D25: =IF(ISERROR(FIND("/",'📝 กรอกคะแนน'!F2)),"",MID('📝 กรอกคะแนน'!F2,FIND("/",'📝 กรอกคะแนน'!F2)+1,10)) | E25: ='📝 กรอกคะแนน'!I2 | F25: ='📝 กรอกคะแนน'!C2 | G25: ='📝 กรอกคะแนน'!J2&"-"&'📝 กรอกคะแนน'!L2 | H25: ='📝 กรอกคะแนน'!K2 | I25: ='📝 กรอกคะแนน'!D27 | J25: ='📝 กรอกคะแนน'!E27 | K25: ='📝 กรอกคะแนน'!F27 | L25: ='📝 กรอกคะแนน'!G27 | M25: ='📝 กรอกคะแนน'!H27 | N25: ='📝 กรอกคะแนน'!I27 | O25: =IF('📝 กรอกคะแนน'!J27="✅ ดีเยี่ยม","excellent",IF('📝 กรอกคะแนน'!J27="⬜ ผ่าน","pass",IF('📝 กรอกคะแนน'!J27="❌ ไม่ผ่าน","fail",""))) | P25: ='📝 กรอกคะแนน'!K27
A26: ='📝 กรอกคะแนน'!B28 | B26: ='📝 กรอกคะแนน'!C28 | C26: =IF(ISERROR(FIND("/",'📝 กรอกคะแนน'!F2)),'📝 กรอกคะแนน'!F2,LEFT('📝 กรอกคะแนน'!F2,FIND("/",'📝 กรอกคะแนน'!F2)-1)) | D26: =IF(ISERROR(FIND("/",'📝 กรอกคะแนน'!F2)),"",MID('📝 กรอกคะแนน'!F2,FIND("/",'📝 กรอกคะแนน'!F2)+1,10)) | E26: ='📝 กรอกคะแนน'!I2 | F26: ='📝 กรอกคะแนน'!C2 | G26: ='📝 กรอกคะแนน'!J2&"-"&'📝 กรอกคะแนน'!L2 | H26: ='📝 กรอกคะแนน'!K2 | I26: ='📝 กรอกคะแนน'!D28 | J26: ='📝 กรอกคะแนน'!E28 | K26: ='📝 กรอกคะแนน'!F28 | L26: ='📝 กรอกคะแนน'!G28 | M26: ='📝 กรอกคะแนน'!H28 | N26: ='📝 กรอกคะแนน'!I28 | O26: =IF('📝 กรอกคะแนน'!J28="✅ ดีเยี่ยม","excellent",IF('📝 กรอกคะแนน'!J28="⬜ ผ่าน","pass",IF('📝 กรอกคะแนน'!J28="❌ ไม่ผ่าน","fail",""))) | P26: ='📝 กรอกคะแนน'!K28
A27: ='📝 กรอกคะแนน'!B29 | B27: ='📝 กรอกคะแนน'!C29 | C27: =IF(ISERROR(FIND("/",'📝 กรอกคะแนน'!F2)),'📝 กรอกคะแนน'!F2,LEFT('📝 กรอกคะแนน'!F2,FIND("/",'📝 กรอกคะแนน'!F2)-1)) | D27: =IF(ISERROR(FIND("/",'📝 กรอกคะแนน'!F2)),"",MID('📝 กรอกคะแนน'!F2,FIND("/",'📝 กรอกคะแนน'!F2)+1,10)) | E27: ='📝 กรอกคะแนน'!I2 | F27: ='📝 กรอกคะแนน'!C2 | G27: ='📝 กรอกคะแนน'!J2&"-"&'📝 กรอกคะแนน'!L2 | H27: ='📝 กรอกคะแนน'!K2 | I27: ='📝 กรอกคะแนน'!D29 | J27: ='📝 กรอกคะแนน'!E29 | K27: ='📝 กรอกคะแนน'!F29 | L27: ='📝 กรอกคะแนน'!G29 | M27: ='📝 กรอกคะแนน'!H29 | N27: ='📝 กรอกคะแนน'!I29 | O27: =IF('📝 กรอกคะแนน'!J29="✅ ดีเยี่ยม","excellent",IF('📝 กรอกคะแนน'!J29="⬜ ผ่าน","pass",IF('📝 กรอกคะแนน'!J29="❌ ไม่ผ่าน","fail",""))) | P27: ='📝 กรอกคะแนน'!K29
A28: ='📝 กรอกคะแนน'!B30 | B28: ='📝 กรอกคะแนน'!C30 | C28: =IF(ISERROR(FIND("/",'📝 กรอกคะแนน'!F2)),'📝 กรอกคะแนน'!F2,LEFT('📝 กรอกคะแนน'!F2,FIND("/",'📝 กรอกคะแนน'!F2)-1)) | D28: =IF(ISERROR(FIND("/",'📝 กรอกคะแนน'!F2)),"",MID('📝 กรอกคะแนน'!F2,FIND("/",'📝 กรอกคะแนน'!F2)+1,10)) | E28: ='📝 กรอกคะแนน'!I2 | F28: ='📝 กรอกคะแนน'!C2 | G28: ='📝 กรอกคะแนน'!J2&"-"&'📝 กรอกคะแนน'!L2 | H28: ='📝 กรอกคะแนน'!K2 | I28: ='📝 กรอกคะแนน'!D30 | J28: ='📝 กรอกคะแนน'!E30 | K28: ='📝 กรอกคะแนน'!F30 | L28: ='📝 กรอกคะแนน'!G30 | M28: ='📝 กรอกคะแนน'!H30 | N28: ='📝 กรอกคะแนน'!I30 | O28: =IF('📝 กรอกคะแนน'!J30="✅ ดีเยี่ยม","excellent",IF('📝 กรอกคะแนน'!J30="⬜ ผ่าน","pass",IF('📝 กรอกคะแนน'!J30="❌ ไม่ผ่าน","fail",""))) | P28: ='📝 กรอกคะแนน'!K30
A29: ='📝 กรอกคะแนน'!B31 | B29: ='📝 กรอกคะแนน'!C31 | C29: =IF(ISERROR(FIND("/",'📝 กรอกคะแนน'!F2)),'📝 กรอกคะแนน'!F2,LEFT('📝 กรอกคะแนน'!F2,FIND("/",'📝 กรอกคะแนน'!F2)-1)) | D29: =IF(ISERROR(FIND("/",'📝 กรอกคะแนน'!F2)),"",MID('📝 กรอกคะแนน'!F2,FIND("/",'📝 กรอกคะแนน'!F2)+1,10)) | E29: ='📝 กรอกคะแนน'!I2 | F29: ='📝 กรอกคะแนน'!C2 | G29: ='📝 กรอกคะแนน'!J2&"-"&'📝 กรอกคะแนน'!L2 | H29: ='📝 กรอกคะแนน'!K2 | I29: ='📝 กรอกคะแนน'!D31 | J29: ='📝 กรอกคะแนน'!E31 | K29: ='📝 กรอกคะแนน'!F31 | L29: ='📝 กรอกคะแนน'!G31 | M29: ='📝 กรอกคะแนน'!H31 | N29: ='📝 กรอกคะแนน'!I31 | O29: =IF('📝 กรอกคะแนน'!J31="✅ ดีเยี่ยม","excellent",IF('📝 กรอกคะแนน'!J31="⬜ ผ่าน","pass",IF('📝 กรอกคะแนน'!J31="❌ ไม่ผ่าน","fail",""))) | P29: ='📝 กรอกคะแนน'!K31
A30: ='📝 กรอกคะแนน'!B32 | B30: ='📝 กรอกคะแนน'!C32 | C30: =IF(ISERROR(FIND("/",'📝 กรอกคะแนน'!F2)),'📝 กรอกคะแนน'!F2,LEFT('📝 กรอกคะแนน'!F2,FIND("/",'📝 กรอกคะแนน'!F2)-1)) | D30: =IF(ISERROR(FIND("/",'📝 กรอกคะแนน'!F2)),"",MID('📝 กรอกคะแนน'!F2,FIND("/",'📝 กรอกคะแนน'!F2)+1,10)) | E30: ='📝 กรอกคะแนน'!I2 | F30: ='📝 กรอกคะแนน'!C2 | G30: ='📝 กรอกคะแนน'!J2&"-"&'📝 กรอกคะแนน'!L2 | H30: ='📝 กรอกคะแนน'!K2 | I30: ='📝 กรอกคะแนน'!D32 | J30: ='📝 กรอกคะแนน'!E32 | K30: ='📝 กรอกคะแนน'!F32 | L30: ='📝 กรอกคะแนน'!G32 | M30: ='📝 กรอกคะแนน'!H32 | N30: ='📝 กรอกคะแนน'!I32 | O30: =IF('📝 กรอกคะแนน'!J32="✅ ดีเยี่ยม","excellent",IF('📝 กรอกคะแนน'!J32="⬜ ผ่าน","pass",IF('📝 กรอกคะแนน'!J32="❌ ไม่ผ่าน","fail",""))) | P30: ='📝 กรอกคะแนน'!K32
A31: ='📝 กรอกคะแนน'!B33 | B31: ='📝 กรอกคะแนน'!C33 | C31: =IF(ISERROR(FIND("/",'📝 กรอกคะแนน'!F2)),'📝 กรอกคะแนน'!F2,LEFT('📝 กรอกคะแนน'!F2,FIND("/",'📝 กรอกคะแนน'!F2)-1)) | D31: =IF(ISERROR(FIND("/",'📝 กรอกคะแนน'!F2)),"",MID('📝 กรอกคะแนน'!F2,FIND("/",'📝 กรอกคะแนน'!F2)+1,10)) | E31: ='📝 กรอกคะแนน'!I2 | F31: ='📝 กรอกคะแนน'!C2 | G31: ='📝 กรอกคะแนน'!J2&"-"&'📝 กรอกคะแนน'!L2 | H31: ='📝 กรอกคะแนน'!K2 | I31: ='📝 กรอกคะแนน'!D33 | J31: ='📝 กรอกคะแนน'!E33 | K31: ='📝 กรอกคะแนน'!F33 | L31: ='📝 กรอกคะแนน'!G33 | M31: ='📝 กรอกคะแนน'!H33 | N31: ='📝 กรอกคะแนน'!I33 | O31: =IF('📝 กรอกคะแนน'!J33="✅ ดีเยี่ยม","excellent",IF('📝 กรอกคะแนน'!J33="⬜ ผ่าน","pass",IF('📝 กรอกคะแนน'!J33="❌ ไม่ผ่าน","fail",""))) | P31: ='📝 กรอกคะแนน'!K33
A32: ='📝 กรอกคะแนน'!B34 | B32: ='📝 กรอกคะแนน'!C34 | C32: =IF(ISERROR(FIND("/",'📝 กรอกคะแนน'!F2)),'📝 กรอกคะแนน'!F2,LEFT('📝 กรอกคะแนน'!F2,FIND("/",'📝 กรอกคะแนน'!F2)-1)) | D32: =IF(ISERROR(FIND("/",'📝 กรอกคะแนน'!F2)),"",MID('📝 กรอกคะแนน'!F2,FIND("/",'📝 กรอกคะแนน'!F2)+1,10)) | E32: ='📝 กรอกคะแนน'!I2 | F32: ='📝 กรอกคะแนน'!C2 | G32: ='📝 กรอกคะแนน'!J2&"-"&'📝 กรอกคะแนน'!L2 | H32: ='📝 กรอกคะแนน'!K2 | I32: ='📝 กรอกคะแนน'!D34 | J32: ='📝 กรอกคะแนน'!E34 | K32: ='📝 กรอกคะแนน'!F34 | L32: ='📝 กรอกคะแนน'!G34 | M32: ='📝 กรอกคะแนน'!H34 | N32: ='📝 กรอกคะแนน'!I34 | O32: =IF('📝 กรอกคะแนน'!J34="✅ ดีเยี่ยม","excellent",IF('📝 กรอกคะแนน'!J34="⬜ ผ่าน","pass",IF('📝 กรอกคะแนน'!J34="❌ ไม่ผ่าน","fail",""))) | P32: ='📝 กรอกคะแนน'!K34
A34: 💡 วิธี upload: บันทึกไฟล์ → เปิด ATLAS → เลือก 'นำเข้าคะแนน PBL' → อัปโหลดไฟล์ → ระบบอ่านแท็บนี้อัตโนมัติ

Sheet 📖 คู่มือ
A1: 📖 คู่มือการใช้งาน Template PBL (v2 — ไม่มี Peer Assessment)
A2: ขั้นที่ 1 — ข้อมูลโปรเจกต์ | B2: กรอกแถว 2: ชื่อโปรเจกต์ / ชั้น-ห้อง (เช่น ป.4/KBW) / ครูผู้รับผิดชอบ / ปีการศึกษา / เดือน / term → กรอกครั้งเดียวต่อ 1 โปรเจกต์
A3: ขั้นที่ 2 — รหัส-ชื่อนักเรียน | B3: กรอกรหัสนักเรียน (คอลัมน์ B) และชื่อ-สกุล (คอลัมน์ C) → ทำครั้งเดียวแล้ว copy ใช้ซ้ำได้ทุกโปรเจกต์
A4: ขั้นที่ 3 — กรอกคะแนน 5 ด้าน (ทำตอนนำเสนอผลงาน สัปดาห์ 4) | B4: เลือก 3 / 2 / 1 จาก dropdown สำหรับทุกด้าน: • D = การสื่อสาร • E = การคิด • F = การแก้ปัญหา • G = ทักษะชีวิต ← ครูสังเกตเองตลอด 4 สัปดาห์ • H = เทคโนโลยี → ใช้เวลาประมาณ 15–20 นาที ต่อ 1 ห้อง (30 คน × 5 ด้าน)
A5: ขั้นที่ 4 — หมายเหตุ | B5: กรอกคอลัมน์ K เฉพาะเด็กที่ได้ ❌ ไม่ผ่าน → ระบุสาเหตุและแนวทางพัฒนา
A6: ขั้นที่ 5 — Upload ATLAS | B6: บันทึกไฟล์ → เปิด ATLAS → นำเข้าคะแนน PBL → อัปโหลดไฟล์ → ระบบอ่านแท็บ 📤 ATLAS Import อัตโนมัติ ไม่ต้องตั้งค่าอะไรเพิ่ม
A7: สูตรอัตโนมัติ | B7: คอลัมน์ I (รวม) และ J (สรุปผล) คำนวณเอง ไม่ต้องกรอก เกณฑ์: • ✅ ดีเยี่ยม = ไม่มีด้านใดได้ 1 และมีด้านที่ได้ 3 ตั้งแต่ 3 ด้านขึ้นไป • ❌ ไม่ผ่าน = มีด้านใดได้ 1 อย่างน้อย 1 ด้าน • ⬜ ผ่าน = ที่เหลือ
A8: ข้อควรระวัง | B8: • ชั้น/ห้องต้องพิมพ์รูปแบบ ป.4/KBW (มีเครื่องหมาย /) • student_id ต้องตรงกับรหัสในฐานข้อมูล ATLAS • ห้ามแก้ไขแท็บ 📤 ATLAS Import โดยตรง • ⚠️ ปีการศึกษา (J2) และภาคเรียน (L2) ต้องเป็น "เทอมปัจจุบัน" ที่กำลังกรอกจริง — ตรวจทั้ง 2 ช่องทุกครั้งก่อน Upload (กรอกผิด/เป็นเทอมอนาคต ระบบ ATLAS จะปฏิเสธการนำเข้า)
A10: 📅 ตารางภาระงานครูตลอด 1 โปรเจกต์ (1 เดือน)
A11: ช่วงเวลา | B11: ผู้ดำเนินการ | C11: สิ่งที่ต้องทำ
A12: สัปดาห์ 1–4 (ตลอดโปรเจกต์) | B12: ครู | C12: สังเกตพฤติกรรมเด็กขณะทำงาน → ไม่ต้องกรอกอะไร
A13: สัปดาห์ 4 (วันนำเสนอผลงาน) | B13: ครู | C13: กรอก dropdown 3/2/1 สมรรถนะ 5 ด้าน ครบทุกคน → ใช้เวลา ~15–20 นาที ต่อห้อง
A14: หลังนำเสนอ | B14: ครู | C14: กรอกหมายเหตุเด็กที่ได้ ❌ ไม่ผ่าน → บันทึกไฟล์ → Upload ATLAS
A16: 💡 สรุป: ครูกรอกจริงเพียง 1 ครั้งต่อโปรเจกต์ (สัปดาห์ 4) | 30 คน × 5 ด้าน = 150 ช่อง dropdown | ~15–20 นาที
